,name,Cv_gravimetric_300.0_mean,Cv_gravimetric_300.0_std,Cv_molar_300.0_mean,Cv_molar_300.0_std
0,cifs/18150N2,0.8579308427273009,0.004060977980084004,11.037308537409855,0.052244615413671036
1,cifs/RSM0332,0.8061232952757604,0.0076037773643755305,9.877632954915367,0.09317101033595898
2,cifs/AFR,0.7337330833402538,0.0005587319436114889,14.695279566446938,0.01119033923984536
3,cifs/RSM0321,0.8905661650215334,0.012043923466783226,9.250240416445974,0.1250992817836576
4,cifs/RSM0306,0.8142789178647243,0.000910601296913225,11.372469356142242,0.01271773727356802
5,cifs/RSM0304,0.9172511137868401,0.0042143595968301955,9.746615390119882,0.04478134884610222
6,cifs/AFI,0.7370790872455926,0.0006313143110963105,14.762293667263455,0.012644026154067917
7,cifs/16050N2,0.885144080709304,0.001019563289366183,9.454408408717104,0.01089016799217437
