,name,Cv_gravimetric_250.0_mean,Cv_gravimetric_250.0_std,Cv_molar_250.0_mean,Cv_molar_250.0_std,Cv_gravimetric_300.0_mean,Cv_gravimetric_300.0_std,Cv_molar_300.0_mean,Cv_molar_300.0_std,Cv_gravimetric_350.0_mean,Cv_gravimetric_350.0_std,Cv_molar_350.0_mean,Cv_molar_350.0_std
0,18150N2.cif,,,,,0.8606132515132007,0.005352481647126016,11.071817814753604,0.06885985261044136,,,,
1,RSM0332.cif,,,,,0.8060659789713627,0.005838190802907423,9.876930643717447,0.07153683091636129,,,,
2,AFR.cif,,,,,0.7336238503684873,0.0005035539093545232,14.693091837565103,0.01008522805194286,,,,
3,RSM0321.cif,,,,,0.8880883000791664,0.01569461502843811,9.22450302899894,0.16301872669180986,,,,
4,RSM0306.cif,,,,,0.8166864528555096,0.0016033241708404843,11.406093728953394,0.022392517601536308,,,,
5,RSM0304.cif,,,,,0.9199038517381405,0.00398328727258888,9.774803109004578,0.042325998247090026,,,,
6,AFI.cif,,,,,0.7370155219730948,0.0005951129837602376,14.76102057562934,0.011918982350048419,,,,
7,16050N2.cif,,,,,0.8847889667842201,0.0012331339066698412,9.450615362870066,0.013171360268207356,,,,
