,name,Cv_gravimetric_250.0_mean,Cv_gravimetric_250.0_std,Cv_molar_250.0_mean,Cv_molar_250.0_std,Cv_gravimetric_300.0_mean,Cv_gravimetric_300.0_std,Cv_molar_300.0_mean,Cv_molar_300.0_std
0,18150N2.cif,0.7450038560667336,0.0024155123148169987,9.584499136117788,0.031075645456218673,0.8593596919862436,0.0018396683774279381,11.05569073016827,0.023667394243153943
1,RSM0332.cif,0.6956748431163884,0.0045860926860087185,8.52428009033203,0.0561945554918116,0.810341946298539,0.002760596638965665,9.929325154622394,0.033826289968394915
2,AFR.cif,0.6407600727248559,0.000345259422204658,12.83320681254069,0.0069148902338569485,0.7336528775784213,0.0003712197168585214,14.693673197428387,0.007434825611214377
3,RSM0321.cif,0.7732965246233476,0.008103554106675816,8.032169923943988,0.0841709764626158,0.8943600396593878,0.0035816262513613394,9.289647092657574,0.03720206898512201
4,RSM0306.cif,0.6960961375579787,0.0023209579191433125,9.721892363449623,0.03241521084884307,0.8146755561331742,0.001043409675899746,11.378008927970097,0.01457257986758188
5,RSM0304.cif,0.7887522636078913,0.0026125971071217307,8.381199909078664,0.027761186429448186,0.9186292877062044,0.002957578109181577,9.761259723531788,0.031426918848233294
6,AFI.cif,0.647280234627553,0.0012800093703040812,12.963793267144098,0.025636155669387508,0.7367998876427795,0.0006312930403018461,14.756701829698352,0.012643600140469323
7,16050N2.cif,0.7366821954899608,0.0015300209191610708,7.868656070106908,0.01634247232612991,0.8854779736931688,0.0009892580245018155,9.457974789268091,0.010566471141902484
