,name,Cv_gravimetric_300.0_mean,Cv_gravimetric_300.0_std,Cv_molar_300.0_mean,Cv_molar_300.0_std
0,AFI.cif,0.7367998876427795,0.0006312930403018461,14.756701829698352,0.012643600140469323
